-- phpMyAdmin SQL Dump
-- version 5.2.1
-- https://www.phpmyadmin.net/
--
-- Host: 127.0.0.1
-- Generation Time: Oct 22, 2025 at 04:18 PM
-- Server version: 10.4.32-MariaDB
-- PHP Version: 8.2.12

SET SQL_MODE = "NO_AUTO_VALUE_ON_ZERO";
START TRANSACTION;
SET time_zone = "+00:00";


/*!40101 SET @OLD_CHARACTER_SET_CLIENT=@@CHARACTER_SET_CLIENT */;
/*!40101 SET @OLD_CHARACTER_SET_RESULTS=@@CHARACTER_SET_RESULTS */;
/*!40101 SET @OLD_COLLATION_CONNECTION=@@COLLATION_CONNECTION */;
/*!40101 SET NAMES utf8mb4 */;

--
-- Database: `fp_db`
--

-- --------------------------------------------------------

--
-- Table structure for table `cache`
--

CREATE TABLE `cache` (
  `key` varchar(255) NOT NULL,
  `value` mediumtext NOT NULL,
  `expiration` int(11) NOT NULL
) ENGINE=InnoDB DEFAULT CHARSET=utf8mb4 COLLATE=utf8mb4_unicode_ci;

-- --------------------------------------------------------

--
-- Table structure for table `cache_locks`
--

CREATE TABLE `cache_locks` (
  `key` varchar(255) NOT NULL,
  `owner` varchar(255) NOT NULL,
  `expiration` int(11) NOT NULL
) ENGINE=InnoDB DEFAULT CHARSET=utf8mb4 COLLATE=utf8mb4_unicode_ci;

-- --------------------------------------------------------

--
-- Table structure for table `failed_jobs`
--

CREATE TABLE `failed_jobs` (
  `id` bigint(20) UNSIGNED NOT NULL,
  `uuid` varchar(255) NOT NULL,
  `connection` text NOT NULL,
  `queue` text NOT NULL,
  `payload` longtext NOT NULL,
  `exception` longtext NOT NULL,
  `failed_at` timestamp NOT NULL DEFAULT current_timestamp()
) ENGINE=InnoDB DEFAULT CHARSET=utf8mb4 COLLATE=utf8mb4_unicode_ci;

-- --------------------------------------------------------

--
-- Table structure for table `jobs`
--

CREATE TABLE `jobs` (
  `id` bigint(20) UNSIGNED NOT NULL,
  `queue` varchar(255) NOT NULL,
  `payload` longtext NOT NULL,
  `attempts` tinyint(3) UNSIGNED NOT NULL,
  `reserved_at` int(10) UNSIGNED DEFAULT NULL,
  `available_at` int(10) UNSIGNED NOT NULL,
  `created_at` int(10) UNSIGNED NOT NULL
) ENGINE=InnoDB DEFAULT CHARSET=utf8mb4 COLLATE=utf8mb4_unicode_ci;

-- --------------------------------------------------------

--
-- Table structure for table `job_batches`
--

CREATE TABLE `job_batches` (
  `id` varchar(255) NOT NULL,
  `name` varchar(255) NOT NULL,
  `total_jobs` int(11) NOT NULL,
  `pending_jobs` int(11) NOT NULL,
  `failed_jobs` int(11) NOT NULL,
  `failed_job_ids` longtext NOT NULL,
  `options` mediumtext DEFAULT NULL,
  `cancelled_at` int(11) DEFAULT NULL,
  `created_at` int(11) NOT NULL,
  `finished_at` int(11) DEFAULT NULL
) ENGINE=InnoDB DEFAULT CHARSET=utf8mb4 COLLATE=utf8mb4_unicode_ci;

-- --------------------------------------------------------

--
-- Table structure for table `mahasiswa_matakuliah`
--

CREATE TABLE `mahasiswa_matakuliah` (
  `id` bigint(20) UNSIGNED NOT NULL,
  `mahasiswa_id` int(10) UNSIGNED NOT NULL,
  `matakuliah_id` int(10) UNSIGNED NOT NULL
) ENGINE=InnoDB DEFAULT CHARSET=utf8mb4 COLLATE=utf8mb4_unicode_ci;

--
-- Dumping data for table `mahasiswa_matakuliah`
--

INSERT INTO `mahasiswa_matakuliah` (`id`, `mahasiswa_id`, `matakuliah_id`) VALUES
(1, 5, 1),
(2, 5, 3),
(3, 5, 4),
(4, 1, 1),
(5, 1, 3),
(6, 2, 1),
(7, 2, 4);

-- --------------------------------------------------------

--
-- Table structure for table `migrations`
--

CREATE TABLE `migrations` (
  `id` int(10) UNSIGNED NOT NULL,
  `migration` varchar(255) NOT NULL,
  `batch` int(11) NOT NULL
) ENGINE=InnoDB DEFAULT CHARSET=utf8mb4 COLLATE=utf8mb4_unicode_ci;

--
-- Dumping data for table `migrations`
--

INSERT INTO `migrations` (`id`, `migration`, `batch`) VALUES
(1, '0001_01_01_000000_create_users_table', 1),
(2, '0001_01_01_000001_create_cache_table', 1),
(3, '0001_01_01_000002_create_jobs_table', 1),
(4, '0001_01_01_000000_create_mataKuliah_table', 2),
(5, '0001_01_01_000000_create_dosen_table', 3),
(6, '2025_10_01_121544_add_pendididkan_terakhir_to_table_dosen', 4),
(7, '2025_10_01_121544_add_dosen_pengampu_to_table_matakuliah', 5),
(8, '2025_10_01_121544_add_dosenPengampu_to_table_matakuliah', 6),
(15, '2025_10_08_122402_add_sks_on_table_mahasiswa', 7),
(16, '2025_10_08_123144_add_sks_on_table_mata_kuliah', 7),
(17, '2025_10_08_123655_create_mahasiswa_matakuliah_table', 7);

-- --------------------------------------------------------

--
-- Table structure for table `table_dosen`
--

CREATE TABLE `table_dosen` (
  `id` int(10) UNSIGNED NOT NULL,
  `nip` varchar(255) NOT NULL,
  `nama` varchar(255) NOT NULL,
  `jurusan` enum('Bisnis Digital','Sistem dan Teknologi Informasi','Kewirausahaan') NOT NULL,
  `pendidikanTerakhir` varchar(255) NOT NULL
) ENGINE=InnoDB DEFAULT CHARSET=utf8mb4 COLLATE=utf8mb4_unicode_ci;

--
-- Dumping data for table `table_dosen`
--

INSERT INTO `table_dosen` (`id`, `nip`, `nama`, `jurusan`, `pendidikanTerakhir`) VALUES
(1, '10001', 'Daniel Sihombing', 'Sistem dan Teknologi Informasi', 'S2'),
(2, '10002', 'Eric Prakarsa', 'Sistem dan Teknologi Informasi', 'S2');

-- --------------------------------------------------------

--
-- Table structure for table `table_mahasiswa`
--

CREATE TABLE `table_mahasiswa` (
  `id` int(10) UNSIGNED NOT NULL,
  `NIM` varchar(255) NOT NULL,
  `name` varchar(255) NOT NULL,
  `tempat_lahir` varchar(255) NOT NULL,
  `tanggal_lahir` varchar(255) NOT NULL,
  `jurusan` enum('Bisnis Digital','Sistem dan Teknologi Informasi','Kewirausahaan') NOT NULL,
  `max_sks` int(11) NOT NULL DEFAULT 24,
  `angkatan` int(11) NOT NULL
) ENGINE=InnoDB DEFAULT CHARSET=utf8mb4 COLLATE=utf8mb4_unicode_ci;

--
-- Dumping data for table `table_mahasiswa`
--

INSERT INTO `table_mahasiswa` (`id`, `NIM`, `name`, `tempat_lahir`, `tanggal_lahir`, `jurusan`, `max_sks`, `angkatan`) VALUES
(1, '23110017', 'Bryan Henrilsen', 'Pontianak', '2005-03-11', 'Sistem dan Teknologi Informasi', 24, 2023),
(2, '23110018', 'Brian Satria', 'Pontianak', '2006-03-21', 'Sistem dan Teknologi Informasi', 24, 2024),
(5, '23110019', 'Dhavid', 'Pontianak', '2004-05-23', 'Sistem dan Teknologi Informasi', 24, 2023);

-- --------------------------------------------------------

--
-- Table structure for table `table_matakuliah`
--

CREATE TABLE `table_matakuliah` (
  `id` int(10) UNSIGNED NOT NULL,
  `kode_mk` varchar(255) NOT NULL,
  `nama_mk` varchar(255) NOT NULL,
  `jurusan` enum('Bisnis Digital','Sistem dan Teknologi Informasi','Kewirausahaan') NOT NULL,
  `sks` int(11) NOT NULL,
  `dosenPengampu` int(10) UNSIGNED NOT NULL DEFAULT 1
) ENGINE=InnoDB DEFAULT CHARSET=utf8mb4 COLLATE=utf8mb4_unicode_ci;

--
-- Dumping data for table `table_matakuliah`
--

INSERT INTO `table_matakuliah` (`id`, `kode_mk`, `nama_mk`, `jurusan`, `sks`, `dosenPengampu`) VALUES
(1, '2001', 'Pemograman Web Lanjutan', 'Sistem dan Teknologi Informasi', 3, 2),
(3, '2002', 'Data Sains 1', 'Sistem dan Teknologi Informasi', 3, 2),
(4, '2003', 'Sistem Pengambilan Keputusan', 'Sistem dan Teknologi Informasi', 2, 1);

--
-- Indexes for dumped tables
--

--
-- Indexes for table `cache`
--
ALTER TABLE `cache`
  ADD PRIMARY KEY (`key`);

--
-- Indexes for table `cache_locks`
--
ALTER TABLE `cache_locks`
  ADD PRIMARY KEY (`key`);

--
-- Indexes for table `failed_jobs`
--
ALTER TABLE `failed_jobs`
  ADD PRIMARY KEY (`id`),
  ADD UNIQUE KEY `failed_jobs_uuid_unique` (`uuid`);

--
-- Indexes for table `jobs`
--
ALTER TABLE `jobs`
  ADD PRIMARY KEY (`id`),
  ADD KEY `jobs_queue_index` (`queue`);

--
-- Indexes for table `job_batches`
--
ALTER TABLE `job_batches`
  ADD PRIMARY KEY (`id`);

--
-- Indexes for table `mahasiswa_matakuliah`
--
ALTER TABLE `mahasiswa_matakuliah`
  ADD PRIMARY KEY (`id`),
  ADD KEY `mahasiswa_matakuliah_mahasiswa_id_foreign` (`mahasiswa_id`),
  ADD KEY `mahasiswa_matakuliah_matakuliah_id_foreign` (`matakuliah_id`);

--
-- Indexes for table `migrations`
--
ALTER TABLE `migrations`
  ADD PRIMARY KEY (`id`);

--
-- Indexes for table `table_dosen`
--
ALTER TABLE `table_dosen`
  ADD PRIMARY KEY (`id`),
  ADD UNIQUE KEY `table_dosen_nip_unique` (`nip`);

--
-- Indexes for table `table_mahasiswa`
--
ALTER TABLE `table_mahasiswa`
  ADD PRIMARY KEY (`id`),
  ADD UNIQUE KEY `table_mahasiswa_nim_unique` (`NIM`);

--
-- Indexes for table `table_matakuliah`
--
ALTER TABLE `table_matakuliah`
  ADD PRIMARY KEY (`id`),
  ADD UNIQUE KEY `table_matakuliah_kode_mk_unique` (`kode_mk`),
  ADD KEY `table_matakuliah_dosenpengampu_foreign` (`dosenPengampu`);

--
-- AUTO_INCREMENT for dumped tables
--

--
-- AUTO_INCREMENT for table `failed_jobs`
--
ALTER TABLE `failed_jobs`
  MODIFY `id` bigint(20) UNSIGNED NOT NULL AUTO_INCREMENT;

--
-- AUTO_INCREMENT for table `jobs`
--
ALTER TABLE `jobs`
  MODIFY `id` bigint(20) UNSIGNED NOT NULL AUTO_INCREMENT;

--
-- AUTO_INCREMENT for table `mahasiswa_matakuliah`
--
ALTER TABLE `mahasiswa_matakuliah`
  MODIFY `id` bigint(20) UNSIGNED NOT NULL AUTO_INCREMENT, AUTO_INCREMENT=8;

--
-- AUTO_INCREMENT for table `migrations`
--
ALTER TABLE `migrations`
  MODIFY `id` int(10) UNSIGNED NOT NULL AUTO_INCREMENT, AUTO_INCREMENT=18;

--
-- AUTO_INCREMENT for table `table_dosen`
--
ALTER TABLE `table_dosen`
  MODIFY `id` int(10) UNSIGNED NOT NULL AUTO_INCREMENT, AUTO_INCREMENT=3;

--
-- AUTO_INCREMENT for table `table_mahasiswa`
--
ALTER TABLE `table_mahasiswa`
  MODIFY `id` int(10) UNSIGNED NOT NULL AUTO_INCREMENT, AUTO_INCREMENT=6;

--
-- AUTO_INCREMENT for table `table_matakuliah`
--
ALTER TABLE `table_matakuliah`
  MODIFY `id` int(10) UNSIGNED NOT NULL AUTO_INCREMENT, AUTO_INCREMENT=5;

--
-- Constraints for dumped tables
--

--
-- Constraints for table `mahasiswa_matakuliah`
--
ALTER TABLE `mahasiswa_matakuliah`
  ADD CONSTRAINT `mahasiswa_matakuliah_mahasiswa_id_foreign` FOREIGN KEY (`mahasiswa_id`) REFERENCES `table_mahasiswa` (`id`) ON DELETE CASCADE,
  ADD CONSTRAINT `mahasiswa_matakuliah_matakuliah_id_foreign` FOREIGN KEY (`matakuliah_id`) REFERENCES `table_matakuliah` (`id`) ON DELETE CASCADE;

--
-- Constraints for table `table_matakuliah`
--
ALTER TABLE `table_matakuliah`
  ADD CONSTRAINT `table_matakuliah_dosenpengampu_foreign` FOREIGN KEY (`dosenPengampu`) REFERENCES `table_dosen` (`id`) ON DELETE CASCADE;
COMMIT;

/*!40101 SET CHARACTER_SET_CLIENT=@OLD_CHARACTER_SET_CLIENT */;
/*!40101 SET CHARACTER_SET_RESULTS=@OLD_CHARACTER_SET_RESULTS */;
/*!40101 SET COLLATION_CONNECTION=@OLD_COLLATION_CONNECTION */;
